INSERT INTO User (Name, Email, RegistrationTime) VALUES
('Alice Johnson', 'alice.johnson@example.com', '2025-01-01 09:15:00'),
('Bob Smith', 'bob.smith@example.com', '2025-01-02 10:10:00'),
('Cathy Lee', 'cathy.lee@example.com', '2025-01-03 11:20:00'),
('David Kim', 'david.kim@example.com', '2025-01-04 12:30:00'),
('Emma Brown', 'emma.brown@example.com', '2025-01-05 13:40:00'),
('Frank Garcia', 'frank.garcia@example.com', '2025-01-06 14:50:00'),
('Grace Chen', 'grace.chen@example.com', '2025-01-07 15:00:00'),
('Henry Wilson', 'henry.wilson@example.com', '2025-01-08 16:10:00'),
('Isabel Martinez', 'isabel.martinez@example.com', '2025-01-09 17:20:00'),
('Jack OConnor', 'jack.oconnor@example.com', '2025-01-10 18:30:00'),
('Liam Carter', 'liam.carter@example.com', '2025-01-11 19:00:00'),
('Mia Lopez', 'mia.lopez@example.com', '2025-01-12 20:10:00'),
('Noah Patel', 'noah.patel@example.com', '2025-01-13 21:20:00'),
('Olivia Nguyen', 'olivia.nguyen@example.com', '2025-01-14 22:30:00'),
('Paul Robinson', 'paul.robinson@example.com', '2025-01-15 23:40:00');

INSERT INTO Artist (Name, Country, Bio) VALUES
('Taylor Swift', 'USA', 'American singer-songwriter known for narrative songs about her personal life.'),
('Ed Sheeran', 'UK', 'English singer-songwriter and musician.'),
('BTS', 'South Korea', 'South Korean boy band formed in Seoul in 2013.'),
('Adele', 'UK', 'English singer-songwriter with a powerful voice.'),
('Drake', 'Canada', 'Canadian rapper, singer, and songwriter.'),
('Billie Eilish', 'USA', 'American singer-songwriter known for her unique style.'),
('Shakira', 'Colombia', 'Colombian singer, songwriter, and dancer.'),
('The Weeknd', 'Canada', 'Canadian singer, songwriter, and record producer.'),
('Bruno Mars', 'USA', 'American singer, songwriter, and record producer.'),
('Dua Lipa', 'UK', 'English and Albanian singer and songwriter.'),
('Sia', 'Australia', 'Australian singer-songwriter known for her powerful voice and songwriting.'),
('Bad Bunny', 'Puerto Rico', 'Puerto Rican rapper, singer, and songwriter.'),
('Ariana Grande', 'USA', 'American singer and actress with a four-octave vocal range.'),
('Coldplay', 'UK', 'British rock band formed in London in 1996.'),
('BLACKPINK', 'South Korea', 'South Korean girl group formed by YG Entertainment.');

INSERT INTO Album (Title, ReleaseDate, CoverArt) VALUES
('1989', '2014-10-27', '1989.jpg'),
('Divide', '2017-03-03', 'divide.jpg'),
('Map of the Soul: 7', '2020-02-21', 'map_of_the_soul_7.jpg'),
('25', '2015-11-20', '25.jpg'),
('Scorpion', '2018-06-29', 'scorpion.jpg'),
('When We All Fall Asleep, Where Do We Go?', '2019-03-29', 'wwafawdwg.jpg'),
('El Dorado', '2017-05-26', 'el_dorado.jpg'),
('After Hours', '2020-03-20', 'after_hours.jpg'),
('24K Magic', '2016-11-18', '24k_magic.jpg'),
('Future Nostalgia', '2020-03-27', 'future_nostalgia.jpg'),
('Everyday Is Christmas', '2017-11-17', 'everyday_is_christmas.jpg'),
('YHLQMDLG', '2020-02-29', 'yhlqmdlg.jpg'),
('Positions','2020-10-30', 'positions.jpg'),
('Music of the Spheres', '2021-10-15', 'music_of_the_spheres.jpg'),
('The Album', '2020-10-02', 'the_album_blackpink.jpg');


INSERT INTO Song (Title, Duration, Genre, ReleaseDate) VALUES
('Blank Space', 231, 'Pop', '2014-11-10'),
('Shape of You', 233, 'Pop', '2017-01-06'),
('Dynamite', 199, 'K-Pop', '2020-08-21'),
('Hello', 295, 'Soul', '2015-10-23'),
('Gods Plan', 198, 'Hip-Hop', '2018-01-19'),
('Bad Guy', 194, 'Alternative', '2019-03-29'),
('Chantaje', 196, 'Latin Pop', '2016-10-28'),
('Blinding Lights', 200, 'Synthpop', '2019-11-29'),
('Thats What I Like', 187, 'R&B', '2017-01-30'),
('Dont Start Now', 183, 'Disco', '2019-11-01'),
('Snowman', 165, 'Pop', '2017-11-09'),
('Safaera', 305, 'Reggaeton', '2020-02-29'),
('34+35', 173, 'Pop', '2020-10-23'),
('Higher Power', 231, 'Alternative', '2021-05-07'),
('How You Like That', 182, 'K-Pop', '2020-06-26'),
('Style', 231, 'Pop', '2014-10-13'),                     
('Lover', 221, 'Pop', '2019-08-16'),                   
('Perfect', 263, 'Pop', '2017-03-03'),                    
('Castle on the Hill', 261, 'Pop', '2017-01-06'),      
('Boy With Luv', 230, 'K-Pop', '2019-04-12'),               
('Butter', 164, 'K-Pop', '2021-05-21'),                  
('Someone Like You', 285, 'Soul', '2011-01-24'),         
('Rolling in the Deep', 228, 'Soul', '2010-11-29'),       
('In My Feelings', 217, 'Hip-Hop', '2018-07-10'),          
('Hotline Bling', 267, 'Hip-Hop', '2015-07-31'),         
('bury a friend', 193, 'Alternative', '2019-01-30'),     
('ocean eyes', 199, 'Alternative', '2016-11-18'),        
('Hips Don''t Lie', 218, 'Latin Pop', '2006-02-28'),      
('Waka Waka (This Time for Africa)', 212, 'Latin Pop', '2010-05-07'), 
('Save Your Tears', 215, 'Synthpop', '2020-03-20'),     
('Starboy', 230, 'R&B', '2016-09-22'),                    
('Uptown Funk', 269, 'Funk', '2014-11-10'),             
('Just the Way You Are', 220, 'Pop', '2010-07-20'),     
('Levitating', 203, 'Disco', '2020-03-27'),              
('New Rules', 209, 'Pop', '2017-07-02');                 


INSERT INTO Playlist (UserID, Title, Description, DateCreated) VALUES
(1, 'Morning Motivation', 'Upbeat songs to start your day.', '2025-02-01 08:00:00'),
(2, 'Chill Vibes', 'Relax and unwind with these tracks.', '2025-02-02 09:00:00'),
(3, 'Workout Hits', 'High-energy songs for your workout.', '2025-02-03 10:00:00'),
(4, 'Love Songs', 'Romantic tracks for any mood.', '2025-02-04 11:00:00'),
(5, 'Party Time', 'Get the party started!', '2025-02-05 12:00:00'),
(6, 'Focus', 'Stay productive with these tunes.', '2025-02-06 13:00:00'),
(7, 'Throwback', 'Hits from the past decade.', '2025-02-07 14:00:00'),
(8, 'Global Beats', 'Music from around the world.', '2025-02-08 15:00:00'),
(9, 'Late Night', 'Songs for winding down.', '2025-02-09 16:00:00'),
(10, 'Top 10', 'The ten most played songs this week.', '2025-02-10 17:00:00'),
(11, 'Evening Chill', 'Relaxing tracks for the evening.', '2025-02-11 18:00:00'),
(12, 'Latin Grooves', 'The best of Latin music.', '2025-02-12 19:00:00'),
(13, 'Pop Parade', 'Top pop hits from around the world.', '2025-02-13 20:00:00'),
(14, 'Rock Anthems', 'Classic and modern rock favorites.', '2025-02-14 21:00:00'),
(15, 'K-Pop Craze', 'Trending K-Pop songs.', '2025-02-15 22:00:00');


INSERT INTO PlaylistSong (PlaylistID, SongID) VALUES
(1, 1), (1, 2), (1, 8),
(2, 4), (2, 6), (2, 9),
(3, 2), (3, 5), (3, 7),
(4, 3), (4, 4), (4, 10),
(5, 5), (5, 1), (5, 8),
(6, 6), (6, 7), (6, 2),
(7, 7), (7, 3), (7, 9),
(8, 8), (8, 10), (8, 4),
(9, 9), (9, 5), (9, 1),
(10, 10), (10, 8), (10, 6),
(11, 11), (11, 13), (11, 15),
(12, 12), (12, 17), (12, 7),
(13, 2), (13, 14), (13, 18),
(14, 4), (14, 19), (14, 9),
(15, 3), (15, 20), (15, 5);

INSERT INTO SongArtist (SongID, ArtistID) VALUES
(1, 1),
(2, 2),
(3, 3),
(4, 4), 
(5, 5), 
(6, 6), 
(7, 7),  
(8, 8), 
(9, 9),   
(10, 10),
(11, 11),  
(12, 12),  
(13, 13), 
(14, 14),  
(15, 15), 
(16, 1), (17, 1),     
(18, 2), (19, 2),     
(20, 3), (21, 3),     
(22, 4), (23, 4),   
(24, 5), (25, 5),   
(26, 6), (27, 6),     
(28, 7), (29, 7),    
(30, 8), (31, 8),   
(32, 9), (33, 9), 
(34, 10), (35, 10);

INSERT INTO AlbumSong (AlbumID, SongID) VALUES
(1, 1),   
(2, 2),   
(3, 3),  
(4, 4),  
(5, 5),   
(6, 6),   
(7, 7),   
(8, 8),  
(9, 9),  
(10, 10),
(11, 11),  
(12, 12),  
(13, 13),  
(14, 14),  
(15, 15),
(1, 16),    
(16, 17), 
(2, 18),   
(2, 19),   
(3, 20), 
(17, 21),  
(18, 22),   
(18, 23),  
(5, 24),    
(19, 25), 
(6, 26),   
(20, 27),  
(21, 28),   
(22, 29),  
(8, 30),   
(23, 31),  
(24, 32), 
(25, 33),  
(10, 34),   
(26, 35);

INSERT INTO UserSongInteraction (UserID, SongID, ActivityType, ActivityTime) VALUES
(1, 1, 'Play', '2025-02-01 08:05:00'),
(2, 2, 'Like', '2025-02-02 09:10:00'),
(3, 3, 'Add to Playlist', '2025-02-03 10:15:00'),
(4, 4, 'Share', '2025-02-04 11:20:00'),
(5, 5, 'Play', '2025-02-05 12:25:00'),
(6, 6, 'Like', '2025-02-06 13:30:00'),
(7, 7, 'Add to Playlist', '2025-02-07 14:35:00'),
(8, 8, 'Share', '2025-02-08 15:40:00'),
(9, 9, 'Play', '2025-02-09 16:45:00'),
(10, 10, 'Like', '2025-02-10 17:50:00'),
(11, 11, 'Play', '2025-02-11 18:05:00'),
(12, 12, 'Like', '2025-02-12 19:10:00'),
(13, 13, 'Add to Playlist', '2025-02-13 20:15:00'),
(14, 14, 'Share', '2025-02-14 21:20:00'),
(15, 15, 'Play', '2025-02-15 22:25:00');